id,number
item_001,4906024889
item_002,2820753786
item_003,6697458871
item_004,7236235034
item_005,8992903842
item_006,8204537873
item_007,7247996469
item_008,4375804853
item_009,5443306391
item_010,4087832074
item_011,5163267350
item_012,7654655502
item_013,8107381684
item_014,7429908648
item_015,3196230072
item_016,6978969227
item_017,8429596152
item_018,1130011502
item_019,9734223719
item_020,8787069813
item_021,7427256571
item_022,5897656908
item_023,7966876956
item_024,8072072863
item_025,9528704127
item_026,5352310941
item_027,4441290123
item_028,7407060494
item_029,6251772176
item_030,8665963648
item_031,8140384472
item_032,1654286809
item_033,3861112522
item_034,9381125180
item_035,8957827219
item_036,3928942344
item_037,5596291563
item_038,6074155669
item_039,9095838985
item_040,3834111236
item_041,1364615565
item_042,3196920777
item_043,7994228455
item_044,3602661224
item_045,9595253722
item_046,4057367856
item_047,6121590465
item_048,4657309811
item_049,5027549108
item_050,6770665108
item_051,4546059350
item_052,1133935024
item_053,2393610818
item_054,9927786279
item_055,7229909224
item_056,3545567317
item_057,1247959011
item_058,8654661231
item_059,8198749717
item_060,3356011689
item_061,7134106497
item_062,5852188994
item_063,2577933786
item_064,3865105027
item_065,6674680485
item_066,2232113018
item_067,3497199223
item_068,6128128798
item_069,5119041094
item_070,1906975065
item_071,2088266807
item_072,7440235578
item_073,4253368953
item_074,7542629221
item_075,6996032661
item_076,5644068119
item_077,1832290401
item_078,5791309637
item_079,7151718439
item_080,4966236552
item_081,8206486237
item_082,3868240619
item_083,4171781560
item_084,9157010834
item_085,4444823147
item_086,2701663781
item_087,8311875998
item_088,3665338464
item_089,1793254551
item_090,8936682712
item_091,8298952965
item_092,3507968432
item_093,3508264404
item_094,5610120447
item_095,6424857536
item_096,2797139089
item_097,1624117671
item_098,8432925517
item_099,6876017105
item_100,6267760112
item_101,1944021952
item_102,4588125970
item_103,8372628357
item_104,1747191098
item_105,7442334539
item_106,5425105222
item_107,8253030217
item_108,3808527761
item_109,5421673261
item_110,6838199086
item_111,4726658003
item_112,4956392791
item_113,6823576409
item_114,3611752609
item_115,9247464309
item_116,7047819084
item_117,9106670620
item_118,3152018301
item_119,4980458630
item_120,8547850718
item_121,6458583958
item_122,8558529540
item_123,2086448975
item_124,2385511177
item_125,8539451457
item_126,4140358810
item_127,8990591589
item_128,1457328870
item_129,3423243590
item_130,7043636813
item_131,9505396904
item_132,3403904070
item_133,2823866806
item_134,3563122364
item_135,8459359695
item_136,3099354794
item_137,9958575725
item_138,7832885755
item_139,4040926925
item_140,4050058665
item_141,5353684149
item_142,7413690040
item_143,1480665604
item_144,5400422239
item_145,3999413316
item_146,4660131397
item_147,9385555774
item_148,4794752751
item_149,8104533287
item_150,9376977426
item_151,4911695582
item_152,4343775243
item_153,1477332280
item_154,9079572779
item_155,7134942690
item_156,9499669476
item_157,8162901339
item_158,1263932966
item_159,7741609556
item_160,3639312481
item_161,8845264200
item_162,3560394211
item_163,9604715579
item_164,6301915711
item_165,4900411498
item_166,3982722617
item_167,4322799359
item_168,2714310648
item_169,6440959779
item_170,7610691505
item_171,1258704578
item_172,9769930822
item_173,9954935783
item_174,6161385307
item_175,1268423070
item_176,4058608579
item_177,2234755551
item_178,3648224324
item_179,1740433231
item_180,9634470159
item_181,5356420055
item_182,4133720130
item_183,9696827007
item_184,2213641633
item_185,6725066400
item_186,9691122579
item_187,3849362733
item_188,3468206195
item_189,7648490898
item_190,7362390529
item_191,2981867238
item_192,3965827575
item_193,3888909452
item_194,2667522525
item_195,4851921931
item_196,3178178370
item_197,7329998120
item_198,7624107283
item_199,3367962496
item_200,6144696895
item_201,8167676922
item_202,4413238404
item_203,3795072856
item_204,2440664887
item_205,8162975424
item_206,1443541463
item_207,3988304031
item_208,1824184129
item_209,6473891953
item_210,3598438677
item_211,9941782144
item_212,8604426102
item_213,9137331033
item_214,3819769209
item_215,2083129174
item_216,2407349524
item_217,9653741281
item_218,1357773505
item_219,7695950460
item_220,7191993105
item_221,6303416541
item_222,6050415137
item_223,9876292883
item_224,6652395982
item_225,3137996443
item_226,1948756406
item_227,8234743276
item_228,2492506318
item_229,4140904528
item_230,1573325314
item_231,3876738505
item_232,1233367930
item_233,1311173757
item_234,5931756329
item_235,5964870978
item_236,7926196726
item_237,9704190927
item_238,2606980837
item_239,5596912244
item_240,7623519769
item_241,3699989772
item_242,2155852550
item_243,4739217869
item_244,8743238623
item_245,7585536122
item_246,5793459705
item_247,4896864303
item_248,8110769212
item_249,9644437446
item_250,4021530754
item_251,4231767412
item_252,8966805372
item_253,6923008481
item_254,6402251238
item_255,3630714906
item_256,7777493717
item_257,3538587036
item_258,9177803768
item_259,3605431580
item_260,6873943634
item_261,2006409941
item_262,1901902843
item_263,9057477860
item_264,3835024383
item_265,4585207186
item_266,1839345501
item_267,1896601815
item_268,8177993282
item_269,3451091933
item_270,4735154635
item_271,4409218506
item_272,7256144601
item_273,8234874683
item_274,2677497718
item_275,5704060757
item_276,7766801561
item_277,9816992188
item_278,4965138633
item_279,6591534292
item_280,9450346581
item_281,4003491622
item_282,9032514048
item_283,5626502619
item_284,8936788923
item_285,9018729573
item_286,1509095662
item_287,4433865649
item_288,3034856801
item_289,9807778193
item_290,7003506496
item_291,6549311562
item_292,2518033970
item_293,9272906097
item_294,2908901930
item_295,3803513847
item_296,3993734577
item_297,7439552925
item_298,2111354403
item_299,8672891190
item_300,3665150549
item_301,8917425453
item_302,7156263698
item_303,4938393508
item_304,7759886430
item_305,2002763205
item_306,3311279964
item_307,6178768704
item_308,9003676962
item_309,2305315656
item_310,5893340797
item_311,1227949171
item_312,1323072485
item_313,1821677969
item_314,3778063439
item_315,2334822776
item_316,1828860464
item_317,5563952018
item_318,1734916081
item_319,2697264591
item_320,8483399390
item_321,2567556687
item_322,3535170565
item_323,1850443000
item_324,4309653235
item_325,1682118225
item_326,3970848799
item_327,5301984076
item_328,8955569209
item_329,1637104813
item_330,8905116028
item_331,8936983231
item_332,6673633971
item_333,9540010189
item_334,2877199138
item_335,6625625956
item_336,3769903585
item_337,9629034814
item_338,5294810973
item_339,2107113110
item_340,5939763191
item_341,2399077171
item_342,5701551984
item_343,4372773710
item_344,4989332401
item_345,7334851943
item_346,4849735986
item_347,8515806345
item_348,3755357370
item_349,4505037234
item_350,9942161698
item_351,4480879094
item_352,8620707308
item_353,2682334357
item_354,3718236369
item_355,5021411966
item_356,8166949878
item_357,9266109461
item_358,9840418223
item_359,5516698927
item_360,6133214453
item_361,8240263596
item_362,2679830730
item_363,9766715602
item_364,9051343934
item_365,8328139990
item_366,6894039731
item_367,3489468838
item_368,2790382078
item_369,6099321352
item_370,9488136764
item_371,4224504820
item_372,9949558738
item_373,4379937119
item_374,6358244367
item_375,5669651139
item_376,9512642050
item_377,3873019111
item_378,4049615907
item_379,9882839978
item_380,6174803753
item_381,7566099038
item_382,9243711938
item_383,4723785124
item_384,1126634471
item_385,9958987342
item_386,7166156504
item_387,2789469034
item_388,7683316223
item_389,1279431284
item_390,4063744738
item_391,7234833610
item_392,8547278432
item_393,2632329334
item_394,6177290529
item_395,2959799292
item_396,6084738008
item_397,4191203143
item_398,3133679360
item_399,5365612248
item_400,7527831366
item_401,6581691467
item_402,1771899287
item_403,8014246913
item_404,6848258832
item_405,6107672153
item_406,7121597133
item_407,7218721587
item_408,9898069648
item_409,7431570360
item_410,5202190163
item_411,7035955695
item_412,3560933922
item_413,8429220503
item_414,8852757604
item_415,9454908691
item_416,2112112527
item_417,6808059124
item_418,9793929463
item_419,5883236896
item_420,8811955993
item_421,7923235023
item_422,1230268627
item_423,6996728845
item_424,6984589903
item_425,2469708717
item_426,2246563166
item_427,7992077671
item_428,1219384169
item_429,2454516916
item_430,3228186182
item_431,9569165265
item_432,8311332818
item_433,8656922948
item_434,6362526071
item_435,3495877005
item_436,5598252686
item_437,9778138045
item_438,5561578134
item_439,4191468525
item_440,1861194218
item_441,1658864798
item_442,9108554605
item_443,8371876786
item_444,4338603018
item_445,8233136716
item_446,6366746800
item_447,8818235364
item_448,6572371739
item_449,7500449387
item_450,5877753084
item_451,9706392027
item_452,6011057546
item_453,2916992901
item_454,9718521579
item_455,3507340185
item_456,1199726123
item_457,1870052319
item_458,3728682774
item_459,4174206257
item_460,3110911254
item_461,6705976098
item_462,9908862361
item_463,7184027997
item_464,1044507047
item_465,1941293252
item_466,1206780759
item_467,2805065354
item_468,6044806972
item_469,9549064966
item_470,6284510365
item_471,7799769193
item_472,1103580461
item_473,8084906899
item_474,2560558138
item_475,3450349996
item_476,7731415587
item_477,2282295974
item_478,3517611735
item_479,5537831625
item_480,5944246072
item_481,9465606620
item_482,9655684478
item_483,9733724505
item_484,2790848191
item_485,3442935480
item_486,4542678739
item_487,9146326949
item_488,2576918178
item_489,7194499526
item_490,9896409209
item_491,4178307006
item_492,9820977026
item_493,5848239750
item_494,2331768834
item_495,1995178086
item_496,9179486644
item_497,5555881473
item_498,2900141323
item_499,9410852008
item_500,1140470840
